sku,store_view_code,attribute_set_code,product_type,categories,product_websites,name,description,short_description,weight,product_online,tax_class_name,visibility,price,special_price,special_price_from_date,special_price_to_date,url_key,meta_title,meta_keywords,meta_description,base_image,base_image_label,small_image,small_image_label,thumbnail_image,thumbnail_image_label,created_at,updated_at,new_from_date,new_to_date,display_product_options_in,map_price,msrp_price,map_enabled,gift_message_available,custom_design,custom_design_from,custom_design_to,custom_layout_update,page_layout,product_options_container,msrp_display_actual_price_type,country_of_manufacture,additional_attributes,qty,out_of_stock_qty,use_config_min_qty,is_qty_decimal,allow_backorders,use_config_backorders,min_cart_qty,use_config_min_sale_qty,max_cart_qty,use_config_max_sale_qty,is_in_stock,notify_on_stock_below,use_config_notify_stock_qty,manage_stock,use_config_manage_stock,use_config_qty_increments,qty_increments,use_config_enable_qty_inc,enable_qty_increments,is_decimal_divided,website_id,related_skus,crosssell_skus,upsell_skus,additional_images,additional_image_labels,custom_options,configurable_variations,configurable_variation_prices,configurable_variation_labels,bundle_price_type,bundle_sku_type,bundle_price_view,bundle_weight_type,bundle_values
3536703,nl,Default,simple,"Default Category/Pijn en koorts ",base,"Etoricoxib Krka 90mg Filmomh Tabl 98 X 90mg","","",,1,tax-6,"Catalog, Search",43.44,,,,etoricoxib-krka-90mg-filmomh-tabl-98-x-90mg,"Etoricoxib Krka 90mg Filmomh Tabl 98 X 90mg","Etoricoxib Krka 90mg Filmomh Tabl 98 X 90mg,Pijn en koorts ",,,,,,,,,,,,,,,,,,,,,,,,,,100,0,0,0,0,0,1,0,50,0,1,0,0,0,0,0,0,0,0,0,1,,,,,,,,,,,,,,
2388890,nl,Default,simple,"Default Category/Tandpasta",base,"Hextril Tandpasta Duo Tube 2x75ml Promo","","",,1,tax-21,"Catalog, Search",6.75,,,,hextril-tandpasta-duo-tube-2x75ml-promo,"Hextril Tandpasta Duo Tube 2x75ml Promo","Hextril Tandpasta Duo Tube 2x75ml Promo,Tandpasta",,,,,,,,,,,,,,,,,,,,,,,,,,100,0,0,0,0,0,1,0,50,0,1,0,0,0,0,0,0,0,0,0,1,,,,,,,,,,,,,,
2792901,nl,Default,simple,"Default Category/Maaltijdvervanger|Default Category/",base,"Protewin Linzensalade Kip En Groentjes 270g","","",,1,tax-6,"Catalog, Search",6,,,,protewin-linzensalade-kip-en-groentjes-270g,"Protewin Linzensalade Kip En Groentjes 270g","Protewin Linzensalade Kip En Groentjes 270g,Maaltijdvervanger,",,,,,,,,,,,,,,,,,,,,,,,,,,100,0,0,0,0,0,1,0,50,0,1,0,0,0,0,0,0,0,0,0,1,,,,,,,,,,,,,,
3216306,nl,Default,simple,"Default Category/",base,"Femsoft Continentieplug Lang 4,5cm Ch20","","",,1,tax-6,"Catalog, Search",5.57,,,,femsoft-continentieplug-lang-45cm-ch20,"Femsoft Continentieplug Lang 4,5cm Ch20","Femsoft Continentieplug Lang 4,5cm Ch20,",,,,,,,,,,,,,,,,,,,,,,,,,,100,0,0,0,0,0,1,0,50,0,1,0,0,0,0,0,0,0,0,0,1,,,,,,,,,,,,,,
3408234,nl,Default,simple,"Default Category/Energie",base,"Vitafytea More Energy Booster Pdr Stick 20","","",65,1,tax-6,"Catalog, Search",9.99,,,,vitafytea-more-energy-booster-pdr-stick-20,"Vitafytea More Energy Booster Pdr Stick 20","Vitafytea More Energy Booster Pdr Stick 20,Energie",,,,,,,,,,,,,,,,,,,,,,,,,,100,0,0,0,0,0,1,0,50,0,1,0,0,0,0,0,0,0,0,0,1,,,,,,,,,,,,,,
1403997,nl,Default,simple,"Default Category/Supplementen|Default Category/Vitamines en supplementen",base,"Eria-pharm Zn-b6 Plus 60","","",,1,tax-6,"Catalog, Search",8.33,,,,eria-pharm-zn-b6-plus-60,"Eria-pharm Zn-b6 Plus 60","Eria-pharm Zn-b6 Plus 60,Supplementen,Vitamines en supplementen",,,,,,,,,,,,,,,,,,,,,,,,,,100,0,0,0,0,0,1,0,50,0,1,0,0,0,0,0,0,0,0,0,1,,,,,,,,,,,,,,
2610467,nl,Default,simple,"Default Category/Kammen - ontwarren",base,"Cartel Borstel Kussentje Ion Dsr1","","",,1,tax-21,"Catalog, Search",14.26,,,,cartel-borstel-kussentje-ion-dsr1,"Cartel Borstel Kussentje Ion Dsr1","Cartel Borstel Kussentje Ion Dsr1,Kammen - ontwarren",,,,,,,,,,,,,,,,,,,,,,,,,,100,0,0,0,0,0,1,0,50,0,1,0,0,0,0,0,0,0,0,0,1,,,,,,,,,,,,,,
0057489,nl,Default,simple,"Default Category/Gynaecologie ",base,"Microgynon 30 Drag 3 X 21","","",38,1,tax-6,"Catalog, Search",9.69,,,,microgynon-30-drag-3-x-21,"Microgynon 30 Drag 3 X 21","Microgynon 30 Drag 3 X 21,Gynaecologie ",,,,,,,,,,,,,,,,,,,,,,,,,,100,0,0,0,0,0,1,0,50,0,1,0,0,0,0,0,0,0,0,0,1,,,,,,,,,,,,,,
3509890,nl,Default,simple,"",base,"Bibi Fopspeen Hp Dental Birdy 6-16m","","",,1,tax-21,"Catalog, Search",0,,,,bibi-fopspeen-hp-dental-birdy-6-16m,"Bibi Fopspeen Hp Dental Birdy 6-16m","Bibi Fopspeen Hp Dental Birdy 6-16m",,,,,,,,,,,,,,,,,,,,,,,,,,100,0,0,0,0,0,1,0,50,0,1,0,0,0,0,0,0,0,0,0,1,,,,,,,,,,,,,,
1226307,nl,Default,simple,"Default Category/Grondstoffen",base,"Cetostearylalcohol Emusif. B (lannette Sx) 1kg Fag","","",1217,1,tax-21,"Catalog, Search",0,,,,cetostearylalcohol-emusif-b-lannette-sx-1kg-fag,"Cetostearylalcohol Emusif. B (lannette Sx) 1kg Fag","Cetostearylalcohol Emusif. B (lannette Sx) 1kg Fag,Grondstoffen",,,,,,,,,,,,,,,,,,,,,,,,,,100,0,0,0,0,0,1,0,50,0,1,0,0,0,0,0,0,0,0,0,1,,,,,,,,,,,,,,
2428084,nl,Default,simple,"Default Category/Steunkousen|Default Category/Steunkousen",base,"Solidea Monocollant Ccl2 +line Open Bianco l","","",,1,tax-6,"Catalog, Search",64.9,,,,solidea-monocollant-ccl2-line-open-bianco-l,"Solidea Monocollant Ccl2 +line Open Bianco l","Solidea Monocollant Ccl2 +line Open Bianco l,Steunkousen,Steunkousen",,,,,,,,,,,,,,,,,,,,,,,,,,100,0,0,0,0,0,1,0,50,0,1,0,0,0,0,0,0,0,0,0,1,,,,,,,,,,,,,,
2830669,nl,Default,simple,"Default Category/Deodorant",base,"l'essence Des Notes Edp Lavande&romarin 50ml","","",,1,tax-21,"Catalog, Search",34,,,,lessence-des-notes-edp-lavanderomarin-50ml,"l'essence Des Notes Edp Lavande&romarin 50ml","l'essence Des Notes Edp Lavande&romarin 50ml,Deodorant",,,,,,,,,,,,,,,,,,,,,,,,,,100,0,0,0,0,0,1,0,50,0,1,0,0,0,0,0,0,0,0,0,1,,,,,,,,,,,,,,
3469780,nl,Default,simple,"",base,"Vitility Beker Met Neusuitsparing","","",,1,tax-21,"Catalog, Search",5.95,,,,vitility-beker-met-neusuitsparing,"Vitility Beker Met Neusuitsparing","Vitility Beker Met Neusuitsparing",,,,,,,,,,,,,,,,,,,,,,,,,,100,0,0,0,0,0,1,0,50,0,1,0,0,0,0,0,0,0,0,0,1,,,,,,,,,,,,,,
2240794,nl,Default,simple,"",base,"Anijs Ess Olie 5ml","","",,1,tax-21,"Catalog, Search",8.02,,,,anijs-ess-olie-5ml,"Anijs Ess Olie 5ml","Anijs Ess Olie 5ml",,,,,,,,,,,,,,,,,,,,,,,,,,100,0,0,0,0,0,1,0,50,0,1,0,0,0,0,0,0,0,0,0,1,,,,,,,,,,,,,,
2649358,nl,Default,simple,"Default Category/Verzorging en hygiëne",base,"Intensive Spray 100ml","","",,1,tax-21,"Catalog, Search",19.95,,,,intensive-spray-100ml,"Intensive Spray 100ml","Intensive Spray 100ml,Verzorging en hygiëne",,,,,,,,,,,,,,,,,,,,,,,,,,100,0,0,0,0,0,1,0,50,0,1,0,0,0,0,0,0,0,0,0,1,,,,,,,,,,,,,,
3056595,nl,Default,simple,"Default Category/Nagellak|Default Category/Nagellak",base,"Deborah Milano Pret A Porter Nail Enamel 56 4,5ml","","",,1,tax-21,"Catalog, Search",3.99,,,,deborah-milano-pret-a-porter-nail-enamel-56-45ml,"Deborah Milano Pret A Porter Nail Enamel 56 4,5ml","Deborah Milano Pret A Porter Nail Enamel 56 4,5ml,Nagellak,Nagellak",,,,,,,,,,,,,,,,,,,,,,,,,,100,0,0,0,0,0,1,0,50,0,1,0,0,0,0,0,0,0,0,0,1,,,,,,,,,,,,,,
3247061,nl,Default,simple,"Default Category/Batterijen|Default Category/Batterijen",base,"Edsylver Batterij Egoedslim Groen","","",,1,tax-21,"Catalog, Search",19.89,,,,edsylver-batterij-egoedslim-groen,"Edsylver Batterij Egoedslim Groen","Edsylver Batterij Egoedslim Groen,Batterijen,Batterijen",,,,,,,,,,,,,,,,,,,,,,,,,,100,0,0,0,0,0,1,0,50,0,1,0,0,0,0,0,0,0,0,0,1,,,,,,,,,,,,,,
1660620,nl,Default,simple,"Default Category/Positioneringskussen",base,"Tempur Kussen Soft + Hoes Incontinentie 40x40cm","","",,1,tax-21,"Catalog, Search",115.89,,,,tempur-kussen-soft-hoes-incontinentie-40x40cm,"Tempur Kussen Soft + Hoes Incontinentie 40x40cm","Tempur Kussen Soft + Hoes Incontinentie 40x40cm,Positioneringskussen",,,,,,,,,,,,,,,,,,,,,,,,,,100,0,0,0,0,0,1,0,50,0,1,0,0,0,0,0,0,0,0,0,1,,,,,,,,,,,,,,
2869352,nl,Default,simple,"Default Category/Eten en drinken",base,"Dycem Pottenopener Blauw Groot Able2","","",,1,tax-21,"Catalog, Search",7.07,,,,dycem-pottenopener-blauw-groot-able2,"Dycem Pottenopener Blauw Groot Able2","Dycem Pottenopener Blauw Groot Able2,Eten en drinken",,,,,,,,,,,,,,,,,,,,,,,,,,100,0,0,0,0,0,1,0,50,0,1,0,0,0,0,0,0,0,0,0,1,,,,,,,,,,,,,,
1085802,nl,Default,simple,"Default Category/Fixatie, pleisters en spray|Default Category/Fixatiewindels|Default Category/Bandages en Orthopedie - orthopedische verbanden",base,"Fortelast Wind Elast Adh 10cmx4,5m 94743","","",120,1,tax-6,"Catalog, Search",8.46,,,,fortelast-wind-elast-adh-10cmx45m-94743,"Fortelast Wind Elast Adh 10cmx4,5m 94743","Fortelast Wind Elast Adh 10cmx4,5m 94743,Fixatie, pleisters en spray,Fixatiewindels,Bandages en Orthopedie - orthopedische verbanden",,,,,,,,,,,,,,,,,,,,,,,,,,100,0,0,0,0,0,1,0,50,0,1,0,0,0,0,0,0,0,0,0,1,,,,,,,,,,,,,,
2279941,nl,Default,simple,"Default Category/Manuele tandenborstels",base,"Oral B Tandenb Advantage Sensitive 13282367","","",,1,tax-21,"Catalog, Search",2.69,,,,oral-b-tandenb-advantage-sensitive-13282367,"Oral B Tandenb Advantage Sensitive 13282367","Oral B Tandenb Advantage Sensitive 13282367,Manuele tandenborstels",,,,,,,,,,,,,,,,,,,,,,,,,,100,0,0,0,0,0,1,0,50,0,1,0,0,0,0,0,0,0,0,0,1,,,,,,,,,,,,,,
2688760,nl,Default,simple,"Default Category/Natuur Geneeskunde",base,"Deva 12 Adolescentie Spray 30ml","","",,1,tax-6,"Catalog, Search",17,,,,deva-12-adolescentie-spray-30ml,"Deva 12 Adolescentie Spray 30ml","Deva 12 Adolescentie Spray 30ml,Natuur Geneeskunde",,,,,,,,,,,,,,,,,,,,,,,,,,100,0,0,0,0,0,1,0,50,0,1,0,0,0,0,0,0,0,0,0,1,,,,,,,,,,,,,,
3097441,nl,Default,simple,"Default Category/",base,"Geomer Oligo F3 Huidgel 100ml","","",,1,tax-21,"Catalog, Search",19.05,,,,geomer-oligo-f3-huidgel-100ml,"Geomer Oligo F3 Huidgel 100ml","Geomer Oligo F3 Huidgel 100ml,",,,,,,,,,,,,,,,,,,,,,,,,,,100,0,0,0,0,0,1,0,50,0,1,0,0,0,0,0,0,0,0,0,1,,,,,,,,,,,,,,
2909034,nl,Default,simple,"Default Category/",base,"Kibio Gezichtscreme Hydra Intens Pot 50ml","","",,1,tax-21,"Catalog, Search",30,,,,kibio-gezichtscreme-hydra-intens-pot-50ml,"Kibio Gezichtscreme Hydra Intens Pot 50ml","Kibio Gezichtscreme Hydra Intens Pot 50ml,",,,,,,,,,,,,,,,,,,,,,,,,,,100,0,0,0,0,0,1,0,50,0,1,0,0,0,0,0,0,0,0,0,1,,,,,,,,,,,,,,
3461043,nl,Default,simple,"",base,"Omnivit Magnesium Performance Sach 20","","",,1,tax-6,"Catalog, Search",16.95,,,,omnivit-magnesium-performance-sach-20,"Omnivit Magnesium Performance Sach 20","Omnivit Magnesium Performance Sach 20",,,,,,,,,,,,,,,,,,,,,,,,,,100,0,0,0,0,0,1,0,50,0,1,0,0,0,0,0,0,0,0,0,1,,,,,,,,,,,,,,
2318350,nl,Default,simple,"",base,"Comfort-u Junior Cover Katoen Grijs","","",,1,tax-21,"Catalog, Search",33.9,,,,comfort-u-junior-cover-katoen-grijs,"Comfort-u Junior Cover Katoen Grijs","Comfort-u Junior Cover Katoen Grijs",,,,,,,,,,,,,,,,,,,,,,,,,,100,0,0,0,0,0,1,0,50,0,1,0,0,0,0,0,0,0,0,0,1,,,,,,,,,,,,,,
3139243,nl,Default,simple,"Default Category/Aromatherapie|Default Category/Oliën|Default Category/Plantaardige olie",base,"Fear Hunters Ginger Goed Humeur Ess Olie Spr. 30ml","","",,1,tax-6,"Catalog, Search",12.95,,,,fear-hunters-ginger-goed-humeur-ess-olie-spr-30ml,"Fear Hunters Ginger Goed Humeur Ess Olie Spr. 30ml","Fear Hunters Ginger Goed Humeur Ess Olie Spr. 30ml,Aromatherapie,Oliën,Plantaardige olie",,,,,,,,,,,,,,,,,,,,,,,,,,100,0,0,0,0,0,1,0,50,0,1,0,0,0,0,0,0,0,0,0,1,,,,,,,,,,,,,,
3366523,nl,Default,simple,"",base,"Cysellia Voetzoolrasp Keramiek Kleur","","",,1,tax-21,"Catalog, Search",10.96,,,,cysellia-voetzoolrasp-keramiek-kleur,"Cysellia Voetzoolrasp Keramiek Kleur","Cysellia Voetzoolrasp Keramiek Kleur",,,,,,,,,,,,,,,,,,,,,,,,,,100,0,0,0,0,0,1,0,50,0,1,0,0,0,0,0,0,0,0,0,1,,,,,,,,,,,,,,
2135168,nl,Default,simple,"",base,"Carlo Di Roma Eyeshadow Cream Paco 1 24cl 03308","","",,1,tax-21,"Catalog, Search",1.95,,,,carlo-di-roma-eyeshadow-cream-paco-1-24cl-03308,"Carlo Di Roma Eyeshadow Cream Paco 1 24cl 03308","Carlo Di Roma Eyeshadow Cream Paco 1 24cl 03308",,,,,,,,,,,,,,,,,,,,,,,,,,100,0,0,0,0,0,1,0,50,0,1,0,0,0,0,0,0,0,0,0,1,,,,,,,,,,,,,,
2545291,nl,Default,simple,"Default Category/Elektrische tandenborstels",base,"Oral B Tandenb Elec.prof.care 9900 Thriumph+handle","","",,1,tax-21,"Catalog, Search",174.99,,,,oral-b-tandenb-elecprofcare-9900-thriumphhandle,"Oral B Tandenb Elec.prof.care 9900 Thriumph+handle","Oral B Tandenb Elec.prof.care 9900 Thriumph+handle,Elektrische tandenborstels",,,,,,,,,,,,,,,,,,,,,,,,,,100,0,0,0,0,0,1,0,50,0,1,0,0,0,0,0,0,0,0,0,1,,,,,,,,,,,,,,
2948495,nl,Default,simple,"Default Category/Vermoeidheid",base,"Neogenyl Action Unicadoses 15 X 10ml","","",254,1,tax-6,"Catalog, Search",14.78,,,,neogenyl-action-unicadoses-15-x-10ml,"Neogenyl Action Unicadoses 15 X 10ml","Neogenyl Action Unicadoses 15 X 10ml,Vermoeidheid",,,,,,,,,,,,,,,,,,,,,,,,,,100,0,0,0,0,0,1,0,50,0,1,0,0,0,0,0,0,0,0,0,1,,,,,,,,,,,,,,
3575495,nl,Default,simple,"",base,"Alphagem Gem-chol Fl 50ml","","",,1,tax-6,"Catalog, Search",23.95,,,,alphagem-gem-chol-fl-50ml,"Alphagem Gem-chol Fl 50ml","Alphagem Gem-chol Fl 50ml",,,,,,,,,,,,,,,,,,,,,,,,,,100,0,0,0,0,0,1,0,50,0,1,0,0,0,0,0,0,0,0,0,1,,,,,,,,,,,,,,
2362911,nl,Default,simple,"Default Category/",base,"Dax Oppervlakteontsmetting Extra 1000ml C070","","",,1,tax-21,"Catalog, Search",7.15,,,,dax-oppervlakteontsmetting-extra-1000ml-c070,"Dax Oppervlakteontsmetting Extra 1000ml C070","Dax Oppervlakteontsmetting Extra 1000ml C070,",,,,,,,,,,,,,,,,,,,,,,,,,,100,0,0,0,0,0,1,0,50,0,1,0,0,0,0,0,0,0,0,0,1,,,,,,,,,,,,,,
3185204,nl,Default,simple,"Default Category/Zonnecrèmes",base,"Sisley Super Cr Solaire Visage Ip10 Tube 60ml","","",,1,tax-21,"Catalog, Search",154,,,,sisley-super-cr-solaire-visage-ip10-tube-60ml,"Sisley Super Cr Solaire Visage Ip10 Tube 60ml","Sisley Super Cr Solaire Visage Ip10 Tube 60ml,Zonnecrèmes",,,,,,,,,,,,,,,,,,,,,,,,,,100,0,0,0,0,0,1,0,50,0,1,0,0,0,0,0,0,0,0,0,1,,,,,,,,,,,,,,
3401304,nl,Default,simple,"",base,"Freka Click Adapt. Ch12 Int.tube/peg Ch20 Enfit 16","","",,1,tax-6,"Catalog, Search",5.03,,,,freka-click-adapt-ch12-inttubepeg-ch20-enfit-16,"Freka Click Adapt. Ch12 Int.tube/peg Ch20 Enfit 16","Freka Click Adapt. Ch12 Int.tube/peg Ch20 Enfit 16",,,,,,,,,,,,,,,,,,,,,,,,,,100,0,0,0,0,0,1,0,50,0,1,0,0,0,0,0,0,0,0,0,1,,,,,,,,,,,,,,
2988855,nl,Default,simple,"Default Category/Grondstoffen",base,"Zalfpot Wit + Wit Deksel 80g 24 Fag","","",,1,tax-21,"Catalog, Search",0,,,,zalfpot-wit-wit-deksel-80g-24-fag,"Zalfpot Wit + Wit Deksel 80g 24 Fag","Zalfpot Wit + Wit Deksel 80g 24 Fag,Grondstoffen",,,,,,,,,,,,,,,,,,,,,,,,,,100,0,0,0,0,0,1,0,50,0,1,0,0,0,0,0,0,0,0,0,1,,,,,,,,,,,,,,
3614732,nl,Default,simple,"",base,"Oral B Tandenb Elect. Pro 700 Family Pro700+stages","","",,1,tax-21,"Catalog, Search",69.99,,,,oral-b-tandenb-elect-pro-700-family-pro700stages,"Oral B Tandenb Elect. Pro 700 Family Pro700+stages","Oral B Tandenb Elect. Pro 700 Family Pro700+stages",,,,,,,,,,,,,,,,,,,,,,,,,,100,0,0,0,0,0,1,0,50,0,1,0,0,0,0,0,0,0,0,0,1,,,,,,,,,,,,,,
2806115,nl,Default,simple,"Default Category/Steunkousen",base,"Mediven Elegance K2 Ad Zwart T2","","",,1,tax-6,"Catalog, Search",50.47,,,,mediven-elegance-k2-ad-zwart-t2,"Mediven Elegance K2 Ad Zwart T2","Mediven Elegance K2 Ad Zwart T2,Steunkousen",,,,,,,,,,,,,,,,,,,,,,,,,,100,0,0,0,0,0,1,0,50,0,1,0,0,0,0,0,0,0,0,0,1,,,,,,,,,,,,,,
4004495,nl,Default,simple,"Default Category/Ademhaling en zuurstof",base,"Zuurstofmasker Hc100% Hoge Concentratie Oxycure","","",,1,tax-6,"Catalog, Search",3.18,,,,zuurstofmasker-hc100-hoge-concentratie-oxycure,"Zuurstofmasker Hc100% Hoge Concentratie Oxycure","Zuurstofmasker Hc100% Hoge Concentratie Oxycure,Ademhaling en zuurstof",,,,,,,,,,,,,,,,,,,,,,,,,,100,0,0,0,0,0,1,0,50,0,1,0,0,0,0,0,0,0,0,0,1,,,,,,,,,,,,,,
3456837,nl,Default,simple,"",base,"Thala Shampoo Pompfl 100ml","","",,1,tax-21,"Catalog, Search",15,,,,thala-shampoo-pompfl-100ml,"Thala Shampoo Pompfl 100ml","Thala Shampoo Pompfl 100ml",,,,,,,,,,,,,,,,,,,,,,,,,,100,0,0,0,0,0,1,0,50,0,1,0,0,0,0,0,0,0,0,0,1,,,,,,,,,,,,,,
2214757,nl,Default,simple,"Default Category/Afslanken|Default Category/Kruidenthee",base,"Slank Kruidenthee","","",,1,tax-6,"Catalog, Search",7.98,,,,slank-kruidenthee,"Slank Kruidenthee","Slank Kruidenthee,Afslanken,Kruidenthee",,,,,,,,,,,,,,,,,,,,,,,,,,100,0,0,0,0,0,1,0,50,0,1,0,0,0,0,0,0,0,0,0,1,,,,,,,,,,,,,,
2623866,nl,Default,simple,"Default Category/Labomateriaal",base,"Sorteerwijzer Niet Gebruikte-verval.geneesmiddelen","","",41,1,tax-21,"Catalog, Search",0,,,,sorteerwijzer-niet-gebruikte-vervalgeneesmiddelen,"Sorteerwijzer Niet Gebruikte-verval.geneesmiddelen","Sorteerwijzer Niet Gebruikte-verval.geneesmiddelen,Labomateriaal",,,,,,,,,,,,,,,,,,,,,,,,,,100,0,0,0,0,0,1,0,50,0,1,0,0,0,0,0,0,0,0,0,1,,,,,,,,,,,,,,
3029600,nl,Default,simple,"Default Category/Geneesmiddelen|Default Category/Niet toegekende geneesmiddelen",base,"Cytarabine 100mg/ml Kabi Fl Inj 20ml Sol Perf","","",,1,tax-6,"Catalog, Search",30.71,,,,cytarabine-100mgml-kabi-fl-inj-20ml-sol-perf,"Cytarabine 100mg/ml Kabi Fl Inj 20ml Sol Perf","Cytarabine 100mg/ml Kabi Fl Inj 20ml Sol Perf,Geneesmiddelen,Niet toegekende geneesmiddelen",,,,,,,,,,,,,,,,,,,,,,,,,,100,0,0,0,0,0,1,0,50,0,1,0,0,0,0,0,0,0,0,0,1,,,,,,,,,,,,,,
3647872,nl,Default,simple,"",base,"Rafys Halskraag Dens M 10cm 015","","",,1,tax-6,"Catalog, Search",66.7,,,,rafys-halskraag-dens-m-10cm-015,"Rafys Halskraag Dens M 10cm 015","Rafys Halskraag Dens M 10cm 015",,,,,,,,,,,,,,,,,,,,,,,,,,100,0,0,0,0,0,1,0,50,0,1,0,0,0,0,0,0,0,0,0,1,,,,,,,,,,,,,,
1635226,nl,Default,simple,"Default Category/Dieren en insecten",base,"Canipuce Spray Habitatio 500ml","","",,1,tax-21,"Catalog, Search",0,,,,canipuce-spray-habitatio-500ml,"Canipuce Spray Habitatio 500ml","Canipuce Spray Habitatio 500ml,Dieren en insecten",,,,,,,,,,,,,,,,,,,,,,,,,,100,0,0,0,0,0,1,0,50,0,1,0,0,0,0,0,0,0,0,0,1,,,,,,,,,,,,,,
2027548,nl,Default,simple,"Default Category/Fond de Teint | Teintcorrector | Poeder",base,"Lrp Maq Blush Stretch 01 Mauve Pimente 6g","","",,1,tax-21,"Catalog, Search",21.53,,,,lrp-maq-blush-stretch-01-mauve-pimente-6g,"Lrp Maq Blush Stretch 01 Mauve Pimente 6g","Lrp Maq Blush Stretch 01 Mauve Pimente 6g,Fond de Teint | Teintcorrector | Poeder",,,,,,,,,,,,,,,,,,,,,,,,,,100,0,0,0,0,0,1,0,50,0,1,0,0,0,0,0,0,0,0,0,1,,,,,,,,,,,,,,
3494655,nl,Default,simple,"Default Category/Douche-was gel crème",base,"Neutraderm Douchegel Overvet Dermo Protect 500ml","","",,1,tax-21,"Catalog, Search",6.99,,,,neutraderm-douchegel-overvet-dermo-protect-500ml,"Neutraderm Douchegel Overvet Dermo Protect 500ml","Neutraderm Douchegel Overvet Dermo Protect 500ml,Douche-was gel crème",,,,,,,,,,,,,,,,,,,,,,,,,,100,0,0,0,0,0,1,0,50,0,1,0,0,0,0,0,0,0,0,0,1,,,,,,,,,,,,,,
1456565,nl,Default,simple,"Default Category/Toebehoren",base,"Hansamed Aqua Protect Strip 20","","",,1,tax-6,"Catalog, Search",4.43,,,,hansamed-aqua-protect-strip-20,"Hansamed Aqua Protect Strip 20","Hansamed Aqua Protect Strip 20,Toebehoren",,,,,,,,,,,,,,,,,,,,,,,,,,100,0,0,0,0,0,1,0,50,0,1,0,0,0,0,0,0,0,0,0,1,,,,,,,,,,,,,,
3071065,nl,Default,simple,"Default Category/Vitamines en supplementen",base,"Canneberge Gel 200","","",,1,tax-6,"Catalog, Search",28.32,,,,canneberge-gel-200,"Canneberge Gel 200","Canneberge Gel 200,Vitamines en supplementen",,,,,,,,,,,,,,,,,,,,,,,,,,100,0,0,0,0,0,1,0,50,0,1,0,0,0,0,0,0,0,0,0,1,,,,,,,,,,,,,,
3244795,nl,Default,simple,"Default Category/Grondstoffen",base,"Gelulen Pink N1 1000","","",,1,tax-21,"Catalog, Search",0,,,,gelulen-pink-n1-1000,"Gelulen Pink N1 1000","Gelulen Pink N1 1000,Grondstoffen",,,,,,,,,,,,,,,,,,,,,,,,,,100,0,0,0,0,0,1,0,50,0,1,0,0,0,0,0,0,0,0,0,1,,,,,,,,,,,,,,
1277037,nl,Default,simple,"Default Category/Hond",base,"Hills Sc.plan Canine Puppy Lamb&rice 7,5kg 4463m","","",,1,tax-21,"Catalog, Search",47,,,,hills-scplan-canine-puppy-lambrice-75kg-4463m,"Hills Sc.plan Canine Puppy Lamb&rice 7,5kg 4463m","Hills Sc.plan Canine Puppy Lamb&rice 7,5kg 4463m,Hond",,,,,,,,,,,,,,,,,,,,,,,,,,100,0,0,0,0,0,1,0,50,0,1,0,0,0,0,0,0,0,0,0,1,,,,,,,,,,,,,,
2069573,nl,Default,simple,"Default Category/Schoenen",base,"Vital Schoen 680 T43","","",,1,tax-21,"Catalog, Search",99.5,,,,vital-schoen-680-t43,"Vital Schoen 680 T43","Vital Schoen 680 T43,Schoenen",,,,,,,,,,,,,,,,,,,,,,,,,,100,0,0,0,0,0,1,0,50,0,1,0,0,0,0,0,0,0,0,0,1,,,,,,,,,,,,,,
2882959,nl,Default,simple,"Default Category/Maaltijdvervanger",base,"Dieti Meal Nagerecht Banaan Pot 450g","","",,1,tax-6,"Catalog, Search",26.5,,,,dieti-meal-nagerecht-banaan-pot-450g,"Dieti Meal Nagerecht Banaan Pot 450g","Dieti Meal Nagerecht Banaan Pot 450g,Maaltijdvervanger",,,,,,,,,,,,,,,,,,,,,,,,,,100,0,0,0,0,0,1,0,50,0,1,0,0,0,0,0,0,0,0,0,1,,,,,,,,,,,,,,
3038544,nl,Default,simple,"Default Category/Niet toegekende geneesmiddelen",base,"Oxaliplatine Fresenius Kabi 5mg/ml","","",,1,tax-,"Catalog, Search",0,,,,oxaliplatine-fresenius-kabi-5mgml,"Oxaliplatine Fresenius Kabi 5mg/ml","Oxaliplatine Fresenius Kabi 5mg/ml,Niet toegekende geneesmiddelen",,,,,,,,,,,,,,,,,,,,,,,,,,100,0,0,0,0,0,1,0,50,0,1,0,0,0,0,0,0,0,0,0,1,,,,,,,,,,,,,,
2293074,nl,Default,simple,"Default Category/Steunkousen|Default Category/Steunkousen",base,"Solidea Collant Venere 70 Champagne 2-m","","",,1,tax-21,"Catalog, Search",19.89,,,,solidea-collant-venere-70-champagne-2-m,"Solidea Collant Venere 70 Champagne 2-m","Solidea Collant Venere 70 Champagne 2-m,Steunkousen,Steunkousen",,,,,,,,,,,,,,,,,,,,,,,,,,100,0,0,0,0,0,1,0,50,0,1,0,0,0,0,0,0,0,0,0,1,,,,,,,,,,,,,,
2702785,nl,Default,simple,"Default Category/Bandages en Orthopedie - orthopedische verbanden",base,"Gibortho Halskraag K1 Spl Man 8,5cm Grijs Xl 6482","","",,1,tax-6,"Catalog, Search",16.73,,,,gibortho-halskraag-k1-spl-man-85cm-grijs-xl-6482,"Gibortho Halskraag K1 Spl Man 8,5cm Grijs Xl 6482","Gibortho Halskraag K1 Spl Man 8,5cm Grijs Xl 6482,Bandages en Orthopedie - orthopedische verbanden",,,,,,,,,,,,,,,,,,,,,,,,,,100,0,0,0,0,0,1,0,50,0,1,0,0,0,0,0,0,0,0,0,1,,,,,,,,,,,,,,
3112885,nl,Default,simple,"Default Category/Stoma",base,"Sensura Mio Click 2d Huidplaat 10-55mm 5 10522","","",150,1,tax-6,"Catalog, Search",41.39,,,,sensura-mio-click-2d-huidplaat-10-55mm-5-10522,"Sensura Mio Click 2d Huidplaat 10-55mm 5 10522","Sensura Mio Click 2d Huidplaat 10-55mm 5 10522,Stoma",,,,,,,,,,,,,,,,,,,,,,,,,,100,0,0,0,0,0,1,0,50,0,1,0,0,0,0,0,0,0,0,0,1,,,,,,,,,,,,,,
3342565,nl,Default,simple,"Default Category/Aromatherapie|Default Category/Oliën|Default Category/Plantaardige olie",base,"Primavera Relax Ess Olie 5ml","","",,1,tax-21,"Catalog, Search",10.19,,,,primavera-relax-ess-olie-5ml,"Primavera Relax Ess Olie 5ml","Primavera Relax Ess Olie 5ml,Aromatherapie,Oliën,Plantaardige olie",,,,,,,,,,,,,,,,,,,,,,,,,,100,0,0,0,0,0,1,0,50,0,1,0,0,0,0,0,0,0,0,0,1,,,,,,,,,,,,,,
1315340,nl,Default,simple,"",base,"Verly Zeep Rose The 3 X 100g","","",,1,tax-21,"Catalog, Search",13.63,,,,verly-zeep-rose-the-3-x-100g,"Verly Zeep Rose The 3 X 100g","Verly Zeep Rose The 3 X 100g",,,,,,,,,,,,,,,,,,,,,,,,,,100,0,0,0,0,0,1,0,50,0,1,0,0,0,0,0,0,0,0,0,1,,,,,,,,,,,,,,
2519809,nl,Default,simple,"Default Category/Natuur Geneeskunde",base,"Fytobell Origanum Majorana Ue Gutt 100ml","","",,1,tax-6,"Catalog, Search",16.95,,,,fytobell-origanum-majorana-ue-gutt-100ml,"Fytobell Origanum Majorana Ue Gutt 100ml","Fytobell Origanum Majorana Ue Gutt 100ml,Natuur Geneeskunde",,,,,,,,,,,,,,,,,,,,,,,,,,100,0,0,0,0,0,1,0,50,0,1,0,0,0,0,0,0,0,0,0,1,,,,,,,,,,,,,,
3527884,nl,Default,simple,"",base,"Katheter Sil.hemost.dufour 20fr 400mm 50- 80ml Rms","","",,1,tax-6,"Catalog, Search",13,,,,katheter-silhemostdufour-20fr-400mm-50-80ml-rms,"Katheter Sil.hemost.dufour 20fr 400mm 50- 80ml Rms","Katheter Sil.hemost.dufour 20fr 400mm 50- 80ml Rms",,,,,,,,,,,,,,,,,,,,,,,,,,100,0,0,0,0,0,1,0,50,0,1,0,0,0,0,0,0,0,0,0,1,,,,,,,,,,,,,,
2558732,nl,Default,simple,"Default Category/Dieren en insecten",base,"Hooflis Repair Zalf Pot 750g","","",,1,tax-21,"Catalog, Search",34.4,,,,hooflis-repair-zalf-pot-750g,"Hooflis Repair Zalf Pot 750g","Hooflis Repair Zalf Pot 750g,Dieren en insecten",,,,,,,,,,,,,,,,,,,,,,,,,,100,0,0,0,0,0,1,0,50,0,1,0,0,0,0,0,0,0,0,0,1,,,,,,,,,,,,,,
3592417,nl,Default,simple,"",base,"Vitry Epileerpincet Hello Summer","","",,1,tax-21,"Catalog, Search",17.03,,,,vitry-epileerpincet-hello-summer,"Vitry Epileerpincet Hello Summer","Vitry Epileerpincet Hello Summer",,,,,,,,,,,,,,,,,,,,,,,,,,100,0,0,0,0,0,1,0,50,0,1,0,0,0,0,0,0,0,0,0,1,,,,,,,,,,,,,,
2376523,nl,Default,simple,"Default Category/Dieren en insecten",base,"Nobilis Or Inac Vaccin 0,25ml","","",,1,tax-6,"Catalog, Search",0,,,,nobilis-or-inac-vaccin-025ml,"Nobilis Or Inac Vaccin 0,25ml","Nobilis Or Inac Vaccin 0,25ml,Dieren en insecten",,,,,,,,,,,,,,,,,,,,,,,,,,100,0,0,0,0,0,1,0,50,0,1,0,0,0,0,0,0,0,0,0,1,,,,,,,,,,,,,,
3200797,nl,Default,simple,"Default Category/Naalden|Default Category/Medische hulpmiddelen",base,"Bard Infusieset+vleugels Gn Inject.site 22g 19mm","","",,1,tax-21,"Catalog, Search",6.47,,,,bard-infusiesetvleugels-gn-injectsite-22g-19mm,"Bard Infusieset+vleugels Gn Inject.site 22g 19mm","Bard Infusieset+vleugels Gn Inject.site 22g 19mm,Naalden,Medische hulpmiddelen",,,,,,,,,,,,,,,,,,,,,,,,,,100,0,0,0,0,0,1,0,50,0,1,0,0,0,0,0,0,0,0,0,1,,,,,,,,,,,,,,
3429958,nl,Default,simple,"",base,"Lignapharma Omelet Kaas Pdr 7x31g","","",,1,tax-6,"Catalog, Search",18,,,,lignapharma-omelet-kaas-pdr-7x31g,"Lignapharma Omelet Kaas Pdr 7x31g","Lignapharma Omelet Kaas Pdr 7x31g",,,,,,,,,,,,,,,,,,,,,,,,,,100,0,0,0,0,0,1,0,50,0,1,0,0,0,0,0,0,0,0,0,1,,,,,,,,,,,,,,
0256958,nl,Default,simple,"Default Category/Grondstoffen",base,"Piracetam Vrac 100g Fag","","",126,1,tax-21,"Catalog, Search",0,,,,piracetam-vrac-100g-fag,"Piracetam Vrac 100g Fag","Piracetam Vrac 100g Fag,Grondstoffen",,,,,,,,,,,,,,,,,,,,,,,,,,100,0,0,0,0,0,1,0,50,0,1,0,0,0,0,0,0,0,0,0,1,,,,,,,,,,,,,,
2188845,nl,Default,simple,"Default Category/Steunkousen|Default Category/Steunkousen",base,"Gilofa 2000 Reiskous Knielengte Light Bruin 36-38","","",,1,tax-21,"Catalog, Search",28.25,,,,gilofa-2000-reiskous-knielengte-light-bruin-36-38,"Gilofa 2000 Reiskous Knielengte Light Bruin 36-38","Gilofa 2000 Reiskous Knielengte Light Bruin 36-38,Steunkousen,Steunkousen",,,,,,,,,,,,,,,,,,,,,,,,,,100,0,0,0,0,0,1,0,50,0,1,0,0,0,0,0,0,0,0,0,1,,,,,,,,,,,,,,
2598381,nl,Default,simple,"Default Category/Steunkousen|Default Category/Steunkousen",base,"Solidea Kniekous Relax 140 Unisex Corda 5-xxl","","",,1,tax-6,"Catalog, Search",34.9,,,,solidea-kniekous-relax-140-unisex-corda-5-xxl,"Solidea Kniekous Relax 140 Unisex Corda 5-xxl","Solidea Kniekous Relax 140 Unisex Corda 5-xxl,Steunkousen,Steunkousen",,,,,,,,,,,,,,,,,,,,,,,,,,100,0,0,0,0,0,1,0,50,0,1,0,0,0,0,0,0,0,0,0,1,,,,,,,,,,,,,,
3002789,nl,Default,simple,"Default Category/",base,"Marque V Douchegel Surgras Violette 500ml","","",,1,tax-21,"Catalog, Search",7.7,,,,marque-v-douchegel-surgras-violette-500ml,"Marque V Douchegel Surgras Violette 500ml","Marque V Douchegel Surgras Violette 500ml,",,,,,,,,,,,,,,,,,,,,,,,,,,100,0,0,0,0,0,1,0,50,0,1,0,0,0,0,0,0,0,0,0,1,,,,,,,,,,,,,,
3494622,nl,Default,simple,"Default Category/Niet toegekende geneesmiddelen",base,"Dozurso 250mg Filmomh Tabl 60 X 250mg","","",,1,tax-6,"Catalog, Search",16.32,,,,dozurso-250mg-filmomh-tabl-60-x-250mg,"Dozurso 250mg Filmomh Tabl 60 X 250mg","Dozurso 250mg Filmomh Tabl 60 X 250mg,Niet toegekende geneesmiddelen",,,,,,,,,,,,,,,,,,,,,,,,,,100,0,0,0,0,0,1,0,50,0,1,0,0,0,0,0,0,0,0,0,1,,,,,,,,,,,,,,
2416576,nl,Default,simple,"Default Category/Fopspenen en accessoires",base,"Chicco Fopsp. Natural Relax Drup. Medium +6m 2","","",,1,tax-21,"Catalog, Search",5.5,,,,chicco-fopsp-natural-relax-drup-medium-6m-2,"Chicco Fopsp. Natural Relax Drup. Medium +6m 2","Chicco Fopsp. Natural Relax Drup. Medium +6m 2,Fopspenen en accessoires",,,,,,,,,,,,,,,,,,,,,,,,,,100,0,0,0,0,0,1,0,50,0,1,0,0,0,0,0,0,0,0,0,1,,,,,,,,,,,,,,
2819092,nl,Default,simple,"Default Category/Steunkousen|Default Category/Steunkousen",base,"Mediven Plus K2 Ag/hb Rechts Caramel T7","","",,1,tax-6,"Catalog, Search",56.49,,,,mediven-plus-k2-aghb-rechts-caramel-t7,"Mediven Plus K2 Ag/hb Rechts Caramel T7","Mediven Plus K2 Ag/hb Rechts Caramel T7,Steunkousen,Steunkousen",,,,,,,,,,,,,,,,,,,,,,,,,,100,0,0,0,0,0,1,0,50,0,1,0,0,0,0,0,0,0,0,0,1,,,,,,,,,,,,,,
2228807,nl,Default,simple,"Default Category/Gemmotherapie",base,"Herbalgem Haagbeuk Maceraat 15ml","","",73,1,tax-6,"Catalog, Search",11.95,,,,herbalgem-haagbeuk-maceraat-15ml,"Herbalgem Haagbeuk Maceraat 15ml","Herbalgem Haagbeuk Maceraat 15ml,Gemmotherapie",,,,,,,,,,,,,,,,,,,,,,,,,,100,0,0,0,0,0,1,0,50,0,1,0,0,0,0,0,0,0,0,0,1,,,,,,,,,,,,,,
2637056,nl,Default,simple,"Default Category/Accessoires flessen",base,"Avent Sterilisator Microgolf Zonder Accessoires","","",957,1,tax-21,"Catalog, Search",32.95,,,,avent-sterilisator-microgolf-zonder-accessoires,"Avent Sterilisator Microgolf Zonder Accessoires","Avent Sterilisator Microgolf Zonder Accessoires,Accessoires flessen",,,,,,,,,,,,,,,,,,,,,,,,,,100,0,0,0,0,0,1,0,50,0,1,0,0,0,0,0,0,0,0,0,1,,,,,,,,,,,,,,
3043809,nl,Default,simple,"Default Category/Stoma",base,"Ostomate 1d g/z Transp ml Conv.41mm 10 Ctmlc411","","",,1,tax-6,"Catalog, Search",40,,,,ostomate-1d-gz-transp-ml-conv41mm-10-ctmlc411,"Ostomate 1d g/z Transp ml Conv.41mm 10 Ctmlc411","Ostomate 1d g/z Transp ml Conv.41mm 10 Ctmlc411,Stoma",,,,,,,,,,,,,,,,,,,,,,,,,,100,0,0,0,0,0,1,0,50,0,1,0,0,0,0,0,0,0,0,0,1,,,,,,,,,,,,,,
3146404,nl,Default,simple,"Default Category/Zonneproducten",base,"Furterer Zon Masker Nutri Herstellend Intens 100ml","","",,1,tax-21,"Catalog, Search",18.89,,,,furterer-zon-masker-nutri-herstellend-intens-100ml,"Furterer Zon Masker Nutri Herstellend Intens 100ml","Furterer Zon Masker Nutri Herstellend Intens 100ml,Zonneproducten",,,,,,,,,,,,,,,,,,,,,,,,,,100,0,0,0,0,0,1,0,50,0,1,0,0,0,0,0,0,0,0,0,1,,,,,,,,,,,,,,
1648617,nl,Default,simple,"Default Category/Steunkousen|Default Category/Steunkousen",base,"Venoflex 2 Kniekous D Microf. l Beige T2 5520","","",,1,tax-21,"Catalog, Search",53.25,,,,venoflex-2-kniekous-d-microf-l-beige-t2-5520,"Venoflex 2 Kniekous D Microf. l Beige T2 5520","Venoflex 2 Kniekous D Microf. l Beige T2 5520,Steunkousen,Steunkousen",,,,,,,,,,,,,,,,,,,,,,,,,,100,0,0,0,0,0,1,0,50,0,1,0,0,0,0,0,0,0,0,0,1,,,,,,,,,,,,,,
2044048,nl,Default,simple,"Default Category/Grondstoffen",base,"Boorzuur Pdr 100g Abc","","",130,1,tax-21,"Catalog, Search",0,,,,boorzuur-pdr-100g-abc,"Boorzuur Pdr 100g Abc","Boorzuur Pdr 100g Abc,Grondstoffen",,,,,,,,,,,,,,,,,,,,,,,,,,100,0,0,0,0,0,1,0,50,0,1,0,0,0,0,0,0,0,0,0,1,,,,,,,,,,,,,,
2267235,nl,Default,simple,"Default Category/Mondmaskers",base,"3m Ademhalingsmask.+vent. Ffp3 Norm En149 10 1873v","","",240,1,tax-21,"Catalog, Search",141.81,,,,3m-ademhalingsmaskvent-ffp3-norm-en149-10-1873v,"3m Ademhalingsmask.+vent. Ffp3 Norm En149 10 1873v","3m Ademhalingsmask.+vent. Ffp3 Norm En149 10 1873v,Mondmaskers",,,,,,,,,,,,,,,,,,,,,,,,,,100,0,0,0,0,0,1,0,50,0,1,0,0,0,0,0,0,0,0,0,1,,,,,,,,,,,,,,
3084654,nl,Default,simple,"Default Category/Spieren en gewrichten",base,"Oropharma Opti Joint Pdr 700g","","",801,1,tax-21,"Catalog, Search",22.4,,,,oropharma-opti-joint-pdr-700g,"Oropharma Opti Joint Pdr 700g","Oropharma Opti Joint Pdr 700g,Spieren en gewrichten",,,,,,,,,,,,,,,,,,,,,,,,,,100,0,0,0,0,0,1,0,50,0,1,0,0,0,0,0,0,0,0,0,1,,,,,,,,,,,,,,
3172251,nl,Default,simple,"Default Category/Maaltijdvervanger|Default Category/",base,"Protifast Nagerecht Abrikoos Zakje 7","","",,1,tax-6,"Catalog, Search",15,,,,protifast-nagerecht-abrikoos-zakje-7,"Protifast Nagerecht Abrikoos Zakje 7","Protifast Nagerecht Abrikoos Zakje 7,Maaltijdvervanger,",,,,,,,,,,,,,,,,,,,,,,,,,,100,0,0,0,0,0,1,0,50,0,1,0,0,0,0,0,0,0,0,0,1,,,,,,,,,,,,,,
3310430,nl,Default,simple,"",base,"Sanas F80 Protein Emmer 2,5kg Vanille","","",,1,tax-6,"Catalog, Search",89.25,,,,sanas-f80-protein-emmer-25kg-vanille,"Sanas F80 Protein Emmer 2,5kg Vanille","Sanas F80 Protein Emmer 2,5kg Vanille",,,,,,,,,,,,,,,,,,,,,,,,,,100,0,0,0,0,0,1,0,50,0,1,0,0,0,0,0,0,0,0,0,1,,,,,,,,,,,,,,
3481082,nl,Default,simple,"",base,"Physiodose Neussnuiter + Physiodose 40x5+5ml Promo","","",,1,tax-21,"Catalog, Search",9.9,,,,physiodose-neussnuiter-physiodose-40x55ml-promo,"Physiodose Neussnuiter + Physiodose 40x5+5ml Promo","Physiodose Neussnuiter + Physiodose 40x5+5ml Promo",,,,,,,,,,,,,,,,,,,,,,,,,,100,0,0,0,0,0,1,0,50,0,1,0,0,0,0,0,0,0,0,0,1,,,,,,,,,,,,,,
1508209,nl,Default,simple,"Default Category/",base,"Spitaderm Lotion 500ml","","",,1,tax-6,"Catalog, Search",3.45,,,,spitaderm-lotion-500ml,"Spitaderm Lotion 500ml","Spitaderm Lotion 500ml,",,,,,,,,,,,,,,,,,,,,,,,,,,100,0,0,0,0,0,1,0,50,0,1,0,0,0,0,0,0,0,0,0,1,,,,,,,,,,,,,,
2305993,nl,Default,simple,"Default Category/Steunkousen|Default Category/Steunkousen",base,"Solidea Kniekous Relax Unisex 140 Open Nero 2-m","","",,1,tax-6,"Catalog, Search",34.9,,,,solidea-kniekous-relax-unisex-140-open-nero-2-m,"Solidea Kniekous Relax Unisex 140 Open Nero 2-m","Solidea Kniekous Relax Unisex 140 Open Nero 2-m,Steunkousen,Steunkousen",,,,,,,,,,,,,,,,,,,,,,,,,,100,0,0,0,0,0,1,0,50,0,1,0,0,0,0,0,0,0,0,0,1,,,,,,,,,,,,,,
3357993,nl,Default,simple,"",base,"Kabrita Gold 1 Zuigelingenmelk Geitenmelk Pdr 800g","","",,1,tax-6,"Catalog, Search",27.95,,,,kabrita-gold-1-zuigelingenmelk-geitenmelk-pdr-800g,"Kabrita Gold 1 Zuigelingenmelk Geitenmelk Pdr 800g","Kabrita Gold 1 Zuigelingenmelk Geitenmelk Pdr 800g",,,,,,,,,,,,,,,,,,,,,,,,,,100,0,0,0,0,0,1,0,50,0,1,0,0,0,0,0,0,0,0,0,1,,,,,,,,,,,,,,
2936292,nl,Default,simple,"Default Category/|Default Category/Lifting - filler",base,"Svr Serum A/age Liftend Pompfl 30ml","","",65,1,tax-21,"Catalog, Search",42.33,,,,svr-serum-aage-liftend-pompfl-30ml,"Svr Serum A/age Liftend Pompfl 30ml","Svr Serum A/age Liftend Pompfl 30ml,,Lifting - filler",,,,,,,,,,,,,,,,,,,,,,,,,,100,0,0,0,0,0,1,0,50,0,1,0,0,0,0,0,0,0,0,0,1,,,,,,,,,,,,,,
3570538,nl,Default,simple,"",base,"Dr.hauschka Lipstick 05 Fuchsia 4,1g","","",,1,tax-21,"Catalog, Search",19.5,,,,drhauschka-lipstick-05-fuchsia-41g,"Dr.hauschka Lipstick 05 Fuchsia 4,1g","Dr.hauschka Lipstick 05 Fuchsia 4,1g",,,,,,,,,,,,,,,,,,,,,,,,,,100,0,0,0,0,0,1,0,50,0,1,0,0,0,0,0,0,0,0,0,1,,,,,,,,,,,,,,
2755734,nl,Default,simple,"Default Category/Anti allergische en anti inflammatoire middelen",base,"Altriabak 0,25mg/ml Oogdruppels Fl 5ml","","",26,1,tax-6,"Catalog, Search",13.88,,,,altriabak-025mgml-oogdruppels-fl-5ml,"Altriabak 0,25mg/ml Oogdruppels Fl 5ml","Altriabak 0,25mg/ml Oogdruppels Fl 5ml,Anti allergische en anti inflammatoire middelen",,,,,,,,,,,,,,,,,,,,,,,,,,100,0,0,0,0,0,1,0,50,0,1,0,0,0,0,0,0,0,0,0,1,,,,,,,,,,,,,,
3170040,nl,Default,simple,"Default Category/Dieren en insecten",base,"Urban Life Large Dog Junior 9kg","","",,1,tax-21,"Catalog, Search",56.9,,,,urban-life-large-dog-junior-9kg,"Urban Life Large Dog Junior 9kg","Urban Life Large Dog Junior 9kg,Dieren en insecten",,,,,,,,,,,,,,,,,,,,,,,,,,100,0,0,0,0,0,1,0,50,0,1,0,0,0,0,0,0,0,0,0,1,,,,,,,,,,,,,,
3394962,nl,Default,simple,"",base,"Moa Verstuiver Ess Olie La120313","","",,1,tax-21,"Catalog, Search",59,,,,moa-verstuiver-ess-olie-la120313,"Moa Verstuiver Ess Olie La120313","Moa Verstuiver Ess Olie La120313",,,,,,,,,,,,,,,,,,,,,,,,,,100,0,0,0,0,0,1,0,50,0,1,0,0,0,0,0,0,0,0,0,1,,,,,,,,,,,,,,
0232538,nl,Default,simple,"Default Category/Grondstoffen",base,"Spiruline Algue Pulv 250g Carlo","","",,1,tax-6,"Catalog, Search",0,,,,spiruline-algue-pulv-250g-carlo,"Spiruline Algue Pulv 250g Carlo","Spiruline Algue Pulv 250g Carlo,Grondstoffen",,,,,,,,,,,,,,,,,,,,,,,,,,100,0,0,0,0,0,1,0,50,0,1,0,0,0,0,0,0,0,0,0,1,,,,,,,,,,,,,,
1366483,nl,Default,simple,"Default Category/Specifieke voeding",base,"Draineur Gutt 100ml","","",178,1,tax-6,"Catalog, Search",25.6,,,,draineur-gutt-100ml,"Draineur Gutt 100ml","Draineur Gutt 100ml,Specifieke voeding",,,,,,,,,,,,,,,,,,,,,,,,,,100,0,0,0,0,0,1,0,50,0,1,0,0,0,0,0,0,0,0,0,1,,,,,,,,,,,,,,
2162261,nl,Default,simple,"Default Category/",base,"Dermophil Gommage Eclat Thermal Tube 75ml Dm3217","","",,1,tax-21,"Catalog, Search",15,,,,dermophil-gommage-eclat-thermal-tube-75ml-dm3217,"Dermophil Gommage Eclat Thermal Tube 75ml Dm3217","Dermophil Gommage Eclat Thermal Tube 75ml Dm3217,",,,,,,,,,,,,,,,,,,,,,,,,,,100,0,0,0,0,0,1,0,50,0,1,0,0,0,0,0,0,0,0,0,1,,,,,,,,,,,,,,
2976538,nl,Default,simple,"Default Category/Zwangerschap",base,"Sea Band Mama Zuigtabl 24","","",,1,tax-21,"Catalog, Search",7.99,,,,sea-band-mama-zuigtabl-24,"Sea Band Mama Zuigtabl 24","Sea Band Mama Zuigtabl 24,Zwangerschap",,,,,,,,,,,,,,,,,,,,,,,,,,100,0,0,0,0,0,1,0,50,0,1,0,0,0,0,0,0,0,0,0,1,,,,,,,,,,,,,,
3550977,nl,Default,simple,"",base,"Amanprana Shangri La Nf Olie Gelaat 50ml","","",,1,tax-21,"Catalog, Search",69,,,,amanprana-shangri-la-nf-olie-gelaat-50ml,"Amanprana Shangri La Nf Olie Gelaat 50ml","Amanprana Shangri La Nf Olie Gelaat 50ml",,,,,,,,,,,,,,,,,,,,,,,,,,100,0,0,0,0,0,1,0,50,0,1,0,0,0,0,0,0,0,0,0,1,,,,,,,,,,,,,,
1584861,nl,Default,simple,"Default Category/Labomateriaal",base,"Part Lamicard Kerstpakket Aca","","",,1,tax-21,"Catalog, Search",9.14,,,,part-lamicard-kerstpakket-aca,"Part Lamicard Kerstpakket Aca","Part Lamicard Kerstpakket Aca,Labomateriaal",,,,,,,,,,,,,,,,,,,,,,,,,,100,0,0,0,0,0,1,0,50,0,1,0,0,0,0,0,0,0,0,0,1,,,,,,,,,,,,,,
2390250,nl,Default,simple,"Default Category/Manuele tandenborstels",base,"Mph Tandenborstel Kind Xsoft Groen/oranje","","",,1,tax-21,"Catalog, Search",2.5,,,,mph-tandenborstel-kind-xsoft-groenoranje,"Mph Tandenborstel Kind Xsoft Groen/oranje","Mph Tandenborstel Kind Xsoft Groen/oranje,Manuele tandenborstels",,,,,,,,,,,,,,,,,,,,,,,,,,100,0,0,0,0,0,1,0,50,0,1,0,0,0,0,0,0,0,0,0,1,,,,,,,,,,,,,,
2794238,nl,Default,simple,"Default Category/Handgel|Default Category/Handen",base,"Alcogel Hy1066 Handgel Pompfl 500ml","","",,1,tax-21,"Catalog, Search",7.47,,,,alcogel-hy1066-handgel-pompfl-500ml,"Alcogel Hy1066 Handgel Pompfl 500ml","Alcogel Hy1066 Handgel Pompfl 500ml,Handgel,Handen",,,,,,,,,,,,,,,,,,,,,,,,,,100,0,0,0,0,0,1,0,50,0,1,0,0,0,0,0,0,0,0,0,1,,,,,,,,,,,,,,
